year,rank,team,player,stan_id,player_id
2019,1,NJ,Jack Hughes,123,2019_305432
2019,2,NYR,Kaapo Kakko,334,2019_396655
2019,3,CHI,Kirby Dach,30,2019_268089
2019,4,COL,Bowen Byram,159,2019_326522
2019,5,LA,Alex Turcotte,73,2019_290043
2019,6,DET,Moritz Seider,21,2019_258987
2019,7,BUF,Dylan Cozens,63,2019_286938
2019,8,EDM,Philip Broberg,207,2019_349467
2019,9,ANA,Trevor Zegras,392,2019_424453
2019,10,VAN,Vasili Podkolzin,459,2019_512832
2019,11,ARI,Victor Soderstrom,189,2019_344555
2019,12,MIN,Matthew Boldy,275,2019_375501
2019,13,FLA,Spencer Knight,286,2019_379758
2019,14,PHI,Cameron York,75,2019_290129
2019,15,MTL,Cole Caufield,137,2019_316168
2019,16,COL,Alex Newhook,147,2019_320307
2019,17,VGK,Peyton Krebs,154,2019_322178
2019,18,DAL,Thomas Harley,433,2019_465160
2019,19,OTT,Lassi Thomson,266,2019_372919
2019,20,WPG,Ville Heinola,403,2019_428795
2019,21,PIT,Samuel Poulin,79,2019_290171
2019,22,LA,Tobias Bjornfot,191,2019_344751
2019,23,NYI,Simon Holmstrom,197,2019_347250
2019,24,NSH,Philip Tomasino,380,2019_418531
2019,25,WSH,Connor McMichael,397,2019_424496
2019,26,CGY,Jakob Pelletier,359,2019_410525
2019,27,TB,Nolan Foote,15,2019_240385
2019,28,CAR,Ryan Suzuki,376,2019_418345
2019,29,ANA,Brayden Tracey,216,2019_351169
2019,30,BOS,Johnny Beecher,269,2019_373899
2019,31,BUF,Ryan Johnson,76,2019_290138
2019,32,OTT,Shane Pinto,307,2019_388979
2019,33,LA,Arthur Kaliyev,135,2019_316114
2019,34,PHI,Bobby Brink,452,2019_496724
2019,35,DET,Antti Tuomisto,332,2019_396170
2019,36,CAR,Pyotr Kochetkov,240,2019_359578
2019,37,OTT,Mads Sogaard,24,2019_265409
2019,38,EDM,Raphael Lavoie,171,2019_335712
2019,39,ANA,Jackson LaCombe,257,2019_369937
2019,40,VAN,Nils Hoglander,126,2019_311906
2019,41,VGK,Kaedan Korczak,102,2019_295911
2019,42,MIN,Vladislav Firstov,465,2019_514167
2019,43,CHI,Alex Vlasic,134,2019_315969
2019,44,CAR,Jamieson Rees,374,2019_418060
2019,45,NSH,Yegor Afanasyev,430,2019_450909
2019,46,MTL,Jayden Struble,435,2019_465181
2019,47,COL,Drew Helleson,258,2019_369942
2019,48,SJ,Artemi Knyazev,347,2019_398450
2019,49,NYR,Matthew Robertson,160,2019_326633
2019,50,LA,Samuel Fagemo,70,2019_288459
2019,51,WPG,Simon Lundmark,192,2019_344757
2019,52,FLA,Vladislav Kolyachonok,448,2019_490232
2019,53,TOR,Nick Robertson,239,2019_359539
2019,54,DET,Robert Mastrosimone,295,2019_385680
2019,55,SJ,Dillon Hamaliuk,53,2019_281939
2019,56,WSH,Brett Leason,18,2019_257755
2019,57,NYI,Samuel Bolduc,235,2019_356985
2019,58,NYR,Karl Henriksson,285,2019_376987
2019,59,MIN,Hunter Jones,384,2019_418628
2019,60,DET,Albert Johansson,209,2019_349991
2019,61,NJ,Nikita Okhotyuk,343,2019_398144
2019,62,STL,Nikita Alexandrov,13,2019_238111
2019,63,COL,Matthew Stienburg,29,2019_267112
2019,64,MTL,Mattias Norlinder,188,2019_344235
2019,65,NSH,Alexander Campbell,103,2019_296339
2019,66,DET,Albin Grewe,184,2019_342488
2019,67,BUF,Erik Portillo,183,2019_342286
2019,68,NYR,Zac Jones,254,2019_364649
2019,69,FLA,John Ludvig,213,2019_350236
2019,70,NJ,Daniil Misyul,322,2019_395127
2019,71,TB,Hugo Alnefelt,196,2019_346977
2019,72,PHI,Ronnie Attard,56,2019_284030
2019,73,CAR,Patrik Puistola,339,2019_397004
2019,74,PIT,Nathan Legare,105,2019_296698
2019,75,MIN,Adam Beckman,89,2019_291514
2019,76,ARI,John Farinacci,423,2019_445599
2019,77,MTL,Gianni Fairbrother,212,2019_350216
2019,78,COL,Alex Beaucage,365,2019_412976
2019,79,VGK,Pavel Dorofeyev,344,2019_398168
2019,80,NJ,Graeme Clarke,66,2019_286955
2019,81,FLA,Cole Schwindt,407,2019_431915
2019,82,NJ,Michael Vukojevic,381,2019_418533
2019,83,CAR,Anttoni Honka,317,2019_395069
2019,84,TOR,Mikko Kokkonen,199,2019_347571
2019,85,EDM,Ilya Konovalov,130,2019_313916
2019,86,VGK,Layton Ahac,413,2019_439814
2019,87,LA,Lukas Parik,299,2019_386914
2019,88,CGY,Ilya Nikolayev,462,2019_514152
2019,89,TB,Maxim Cajkovic,88,2019_291308
2019,90,CAR,Domenick Fensore,393,2019_424459
2019,91,WSH,Alexei Protas,471,2019_517438
2019,92,BOS,Quinn Olson,150,2019_322103
2019,93,STL,Colten Ellis,27,2019_266585
2019,94,OTT,Viktor Lodin,69,2019_287856
2019,95,LA,Jordan Spence,145,2019_320267
2019,96,NJ,Tyce Thompson,4,2019_201472
2019,97,DET,Ethan Phillips,122,2019_305096
2019,98,ARI,Matias Maccelli,279,2019_375953
2019,99,CAR,Cade Webber,61,2019_285385
2019,100,EDM,Matej Blumel,36,2019_272376
2019,101,ANA,Henry Thrun,422,2019_445218
2019,102,BUF,Aaron Huglen,447,2019_485574
2019,103,PHI,Mason Millman,377,2019_418350
2019,104,CBJ,Eric Hjorth,117,2019_300243
2019,105,CHI,Michal Teply,87,2019_290470
2019,106,FLA,Carter Berger,114,2019_299029
2019,107,ARI,Alexander Daryin,321,2019_395123
2019,108,SJ,Yegor Spiridonov,446,2019_482887
2019,109,NSH,Marc Del Gaizo,6,2019_201481
2019,110,VGK,Ryder Donovan,288,2019_380281
2019,111,DAL,Samuel Sjolund,289,2019_381262
2019,112,NYR,Hunter Skinner,238,2019_359531
2019,113,WPG,Henri Nikkanen,318,2019_395081
2019,114,CBJ,Dmitri Voronkov,425,2019_450012
2019,115,TOR,Mikhail Abramov,469,2019_514653
2019,116,CGY,Lucas Feuk,292,2019_385539
2019,117,NSH,Semyon Chistyakov,472,2019_517832
2019,118,NJ,Case McCarthy,81,2019_290196
2019,119,LA,Kim Nousiainen,168,2019_332966
2019,120,TB,Max Crozier,51,2019_281733
2019,121,CAR,Tuukka Tieksola,325,2019_395512
2019,122,VAN,Ethan Keppen,382,2019_418534
2019,123,CHI,Antti Saarela,333,2019_396630
2019,124,TOR,Nick Abruzzese,5,2019_201476
2019,125,OTT,Mark Kastelic,42,2019_276474
2019,126,MTL,Jacob LeGuerrier,118,2019_300751
2019,127,NJ,Cole Brady,396,2019_424491
2019,128,DET,Cooper Moore,391,2019_424450
2019,129,NJ,Arseni Gritsyuk,473,2019_519772
2019,130,NYR,Leevi Aaltonen,198,2019_347570
2019,131,MTL,Rhett Pitlick,454,2019_497477
2019,132,ANA,Trevor Janicke,250,2019_363897
2019,133,VAN,Carson Focht,71,2019_289457
2019,134,WPG,Harrison Blaisdell,227,2019_352089
2019,135,VGK,Isaiah Saville,256,2019_365042
2019,136,FLA,Henrik Rybinski,222,2019_351688
2019,137,FLA,Owen Lindmark,132,2019_315962
2019,138,MTL,Frederik Dichow,143,2019_318432
2019,139,VGK,Marcus Kallionkieli,327,2019_395520
2019,140,COL,Sasha Mutala,82,2019_290349
2019,141,VGK,Mason Primeau,432,2019_452004
2019,142,DAL,Nicholas Porco,265,2019_372048
2019,143,BUF,Filip Cederqvist,162,2019_328238
2019,144,WPG,Logan Neaton,57,2019_284121
2019,145,PIT,Judd Caulfield,421,2019_444997
2019,146,TOR,Mike Koster,399,2019_427432
2019,147,NYI,Reece Newkirk,225,2019_351979
2019,148,NSH,Ethan Haider,450,2019_494432
2019,149,MIN,Matvei Guskov,431,2019_450910
2019,150,CGY,Josh Nodler,74,2019_290052
2019,151,ARI,Aku Raty,324,2019_395509
2019,152,CAR,Kirill Slepets,128,2019_312832
2019,153,WSH,Martin Hugo Has,248,2019_363485
2019,154,BOS,Roman Bychkov,461,2019_514141
2019,155,STL,Keean Washkurak,409,2019_433833
2019,156,VAN,Arturs Silovs,441,2019_477476
2019,157,LA,Braden Doyle,294,2019_385678
2019,158,NJ,Patrick Moynihan,408,2019_433810
2019,159,DET,Elmer Soderblom,214,2019_350706
2019,160,BUF,Lukas Rousek,11,2019_236358
2019,161,NYR,Adam Edstrom,208,2019_349951
2019,162,EDM,Tomas Mazura,106,2019_297692
2019,163,ANA,William Francis,274,2019_375487
2019,164,SJ,Timur Ibragimov,313,2019_392594
2019,165,PHI,Yegor Serdyuk,427,2019_450506
2019,166,MIN,Marshall Warren,290,2019_381692
2019,167,CHI,Dominic Basse,97,2019_294746
2019,168,FLA,Greg Meireles,65,2019_286948
2019,169,PHI,Roddy Ross,364,2019_411720
2019,170,MTL,Arsen Khisamutdinov,264,2019_372023
2019,171,COL,Luka Burzan,19,2019_258430
2019,172,MIN,Nikita Nesterenko,99,2019_295642
2019,173,DAL,Benjamin Brinkman,161,2019_327230
2019,174,ARI,Danil Savunov,348,2019_398544
2019,175,VAN,Karel Plasek,37,2019_272426
2019,176,ARI,Anthony Romano,412,2019_438110
2019,177,DET,Gustav Berglund,287,2019_379956
2019,178,NYI,Felix Bibeau,58,2019_284916
2019,179,NSH,Isak Walther,406,2019_431803
2019,180,VAN,Jack Malone,251,2019_364031
2019,181,CAR,Kevin Wall,231,2019_355153
2019,182,TB,Quinn Schmiemann,226,2019_352013
2019,183,CAR,Blake Murray,372,2019_416872
2019,184,SJ,Santeri Hatakka,340,2019_397011
2019,185,BOS,Matias Mantykivi,404,2019_428827
2019,186,ANA,Mathew Hill,301,2019_387330
2019,187,OTT,Maxence Guenette,363,2019_410616
2019,188,LA,Andre Lee,210,2019_350001
2019,189,NJ,Nikola Pasic,22,2019_259121
2019,190,DET,Kirill Tyutyayev,345,2019_398223
2019,191,DET,Carter Gylander,303,2019_387643
2019,192,BOS,Jake Schmaltz,136,2019_316160
2019,193,EDM,Maxim Denezhkin,243,2019_360187
2019,194,CHI,Cole Moberg,402,2019_428574
2019,195,VAN,Aidan McDonough,205,2019_348494
2019,196,PHI,Bryce Brodzinski,350,2019_400134
2019,197,MIN,Filip Lindberg,98,2019_294782
2019,198,TB,Mikhail Shalagin,180,2019_340214
2019,199,FLA,Matthew Wedman,3,2019_201359
2019,200,ARI,Axel Bergkvist,72,2019_289485
2019,201,MTL,Rafael Harvey-Pinard,229,2019_354123
2019,202,COL,Trent Miner,218,2019_351216
2019,203,PIT,Valtteri Puustinen,167,2019_332963
2019,204,TOR,Kalle Loponen,323,2019_395424
2019,205,NYR,Eric Ciccolini,395,2019_424482
2019,206,MTL,Kieran Ruscheinski,366,2019_413066
2019,207,ARI,Valentin Nussbaumer,166,2019_332479
2019,208,STL,Vadim Zherenko,428,2019_450906
2019,209,NYI,Cole Coskey,55,2019_284005
2019,210,NSH,Juuso Parssinen,335,2019_396656
2019,211,PIT,Santeri Airola,281,2019_376175
2019,212,CBJ,Tyler Angle,352,2019_403916
2019,213,TB,McKade Webster,60,2019_285337
2019,214,CGY,Dustin Wolf,259,2019_369943
2019,215,VAN,Arvid Costmar,200,2019_348012
2019,216,CAR,Massimo Rizzo,64,2019_286939
2019,217,STL,Jeremy Michel,361,2019_410602
2020,1,NYR,Alexis Lafreniere,586,2020_296697
2020,2,LA,Quinton Byfield,919,2020_503020
2020,3,OTT,Tim Stutzle,634,2020_348134
2020,4,DET,Lucas Raymond,640,2020_350702
2020,5,OTT,Jake Sanderson,744,2020_413015
2020,6,ANA,Jamie Drysdale,513,2020_201868
2020,7,NJ,Alexander Holtz,631,2020_344808
2020,8,BUF,Jack Quinn,619,2020_336828
2020,9,MIN,Marco Rossi,570,2020_293179
2020,10,WPG,Cole Perfetti,533,2020_201940
2020,11,NSH,Yaroslav Askarov,1017,2020_552036
2020,12,FLA,Anton Lundell,658,2020_360145
2020,13,CAR,Seth Jarvis,537,2020_201952
2020,14,EDM,Dylan Holloway,610,2020_322111
2020,15,TOR,Rodion Amirov,958,2020_518585
2020,16,MTL,Kaiden Guhle,752,2020_413363
2020,17,CHI,Lukas Reichel,674,2020_381687
2020,18,NJ,Dawson Mercer,607,2020_320305
2020,19,NYR,Braden Schneider,649,2020_351820
2020,20,NJ,Shakir Mukhamadullin,1019,2020_552042
2020,21,CBJ,Yegor Chinakhov,959,2020_519779
2020,22,WSH,Hendrix Lapierre,519,2020_201904
2020,23,PHI,Tyson Foerster,529,2020_201934
2020,24,CGY,Connor Zary,648,2020_351805
2020,25,COL,Justin Barron,576,2020_294613
2020,26,STL,Jake Neighbours,693,2020_391048
2020,27,ANA,Jacob Perreault,775,2020_418243
2020,28,OTT,Ridly Greig,748,2020_413174
2020,29,VGK,Brendan Brisson,592,2020_299642
2020,30,DAL,Mavrik Bourque,581,2020_295299
2020,31,SJ,Ozzy Wiesblatt,502,2020_201810
2020,32,DET,William Wallinder,879,2020_482190
2020,33,OTT,Roby Jarventie,982,2020_534236
2020,34,BUF,John-Jason Peterka,677,2020_381855
2020,35,LA,Helge Grans,701,2020_395302
2020,36,ANA,Sam Colangelo,683,2020_386333
2020,37,MIN,Marat Khusnutdinov,1021,2020_552045
2020,38,SJ,Thomas Bordeleau,585,2020_296636
2020,39,MIN,Ryan O'Rourke,532,2020_201939
2020,40,WPG,Daniel Torgersson,727,2020_407408
2020,41,CAR,Noel Gunler,696,2020_393444
2020,42,NSH,Luke Evangelista,923,2020_503976
2020,43,FLA,Emil Heineman,676,2020_381844
2020,44,OTT,Tyler Kleven,991,2020_536644
2020,45,LA,Brock Faber,1027,2020_558598
2020,46,CHI,Drew Commesso,482,2020_201741
2020,47,MTL,Luke Tuch,845,2020_470086
2020,48,MTL,Jan Mysak,793,2020_427906
2020,50,CGY,Yan Kuznetsov,812,2020_440410
2020,51,DET,Theodor Niederbach,698,2020_394717
2020,52,PIT,Joel Blomqvist,896,2020_495890
2020,53,CAR,Vasili Ponomaryov,823,2020_448947
2020,54,PHI,Emil Andrae,697,2020_394716
2020,55,DET,Cross Hanas,545,2020_252712
2020,56,SJ,Tristen Robins,555,2020_286940
2020,57,TB,Jack Finley,870,2020_477357
2020,58,BOS,Mason Lohrei,904,2020_497121
2020,59,TOR,Roni Hirvonen,822,2020_448946
2020,60,NYR,Will Cuylle,993,2020_537552
2020,61,OTT,Yegor Sokolov,668,2020_375742
2020,62,TB,Gage Goncalves,729,2020_407591
2020,63,DET,Donovan Sebrango,710,2020_397738
2020,64,TOR,Topi Niemela,912,2020_499424
2020,65,MIN,Daemon Hunt,505,2020_201837
2020,66,LA,Kasper Simontaival,708,2020_397010
2020,67,ANA,Ian Moore,483,2020_201746
2020,68,VGK,Lukas Cormier,492,2020_201780
2020,69,CAR,Alexander Nikishin,952,2020_514652
2020,70,DET,Eemil Viro,915,2020_499518
2020,71,OTT,Leevi Merilainen,911,2020_499423
2020,72,CGY,Jeremie Poirier,520,2020_201907
2020,73,NSH,Luke Prokop,526,2020_201923
2020,74,FLA,Ty Smilanic,540,2020_201959
2020,75,COL,Jean-Luc Foudy,985,2020_534469
2020,76,SJ,Daniil Gushchin,943,2020_512924
2020,77,PIT,Calle Clang,685,2020_387511
2020,78,CBJ,Samuel Knazko,785,2020_423667
2020,79,CHI,Landon Slaggert,776,2020_418245
2020,80,CGY,Jake Boltmann,894,2020_494419
2020,81,CHI,Wyatt Kaiser,507,2020_201852
2020,82,VAN,Joni Jurmo,975,2020_530726
2020,83,LA,Alex Laferriere,825,2020_450718
2020,84,NJ,Nico Daws,654,2020_359000
2020,85,TB,Maxim Groshev,980,2020_532511
2020,86,STL,Dylan Peterson,626,2020_342192
2020,87,FLA,Justin Sourdif,559,2020_290346
2020,88,STL,Leo Loof,743,2020_412461
2020,89,BOS,Trevor Kuntar,558,2020_290309
2020,90,NYI,Alexander Ljungkrantz,717,2020_403021
2020,91,VGK,Jackson Hallum,1048,2020_587538
2020,92,NYR,Oliver Tarnstrom,1012,2020_546952
2020,93,TB,Jack Thompson,515,2020_201878
2020,94,PHI,Zayde Wisdom,996,2020_537563
2020,95,FLA,Michael Benning,522,2020_201914
2020,96,CGY,Daniil Chechelev,937,2020_512820
2020,97,DET,Sam Stange,808,2020_435761
2020,98,SJ,Brandon Coe,828,2020_452005
2020,99,NJ,Jaromir Pytlik,606,2020_318885
2020,100,EDM,Carter Savoie,527,2020_201925
2020,101,NSH,Adam Wilsby,578,2020_295070
2020,102,MTL,Jack Smith,1025,2020_556263
2020,103,NYR,Dylan Garand,860,2020_473852
2020,104,ANA,Thimo Nickl,560,2020_291222
2020,105,FLA,Zachary Uens,789,2020_424330
2020,106,TOR,Artur Akhtyamov,969,2020_529802
2020,107,DET,Jan Bednar,849,2020_472306
2020,108,PIT,Lukas Svejkovsky,622,2020_337733
2020,109,MTL,Blake Biondi,898,2020_495919
2020,110,CHI,Michael Krutil,792,2020_427900
2020,111,ARI,Mitchell Miller,599,2020_316129
2020,112,LA,Juho Markkanen,914,2020_499513
2020,113,VAN,Jackson Kunz,1015,2020_550361
2020,114,CBJ,Mikael Pyyhtia,846,2020_470710
2020,115,CAR,Zion Nybeck,842,2020_470015
2020,116,TB,Eamon Powell,876,2020_480401
2020,117,WSH,Bogdan Trineyev,997,2020_537760
2020,118,COL,Colby Ambrosio,713,2020_397860
2020,119,STL,Tanner Dickinson,485,2020_201761
2020,120,NJ,Ethan Edwards,754,2020_413501
2020,121,NYI,Alex Jefferies,837,2020_466015
2020,122,TOR,William Villeneuve,735,2020_410562
2020,123,DAL,Antonio Stranges,663,2020_369848
2020,124,MTL,Sean Farrell,682,2020_386329
2020,125,VGK,Jesper Vikman,892,2020_490929
2020,126,EDM,Tyler Tullio,534,2020_201944
2020,127,NYR,Evan Vierling,920,2020_503023
2020,128,LA,Martin Chromiak,565,2020_292067
2020,129,ANA,Artyom Galimov,624,2020_339555
2020,130,NJ,Artyom Shlaine,907,2020_498107
2020,131,BUF,Matteo Costantini,927,2020_504013
2020,132,DET,Alex Cotton,646,2020_351538
2020,133,WPG,Anton Johannesson,681,2020_385303
2020,134,NYR,Brett Berard,481,2020_201740
2020,135,PHI,Elliot Desnoyers,557,2020_290157
2020,136,MTL,Jakub Dobes,687,2020_388218
2020,137,TOR,Dmitri Ovchinnikov,986,2020_534929
2020,138,EDM,Maxim Beryozkin,944,2020_514147
2020,139,COL,Ryder Rolston,664,2020_369853
2020,140,LA,Ben Meehan,909,2020_499017
2020,141,CHI,Isaak Phillips,764,2020_416750
2020,142,ARI,Carson Bantle,506,2020_201849
2020,143,CGY,Ryan Francis,594,2020_305092
2020,144,VAN,Jacob Truscott,490,2020_201776
2020,145,CBJ,Ole Julian Bjorgvik-Holm,872,2020_477881
2020,146,MIN,Pavel Novak,800,2020_428143
2020,147,TB,Jaydon Dureau,650,2020_352026
2020,148,WSH,Bear Hughes,1037,2020_567562
2020,149,PIT,Raivis Ansons,871,2020_477490
2020,150,STL,Matthew Kessel,547,2020_276197
2020,151,BOS,Mason Langenbrunner,1059,2020_616229
2020,152,NYI,William Dufour,572,2020_294583
2020,153,FLA,Kasper Puutio,838,2020_467380
2020,154,DAL,Daniel Ljungman,834,2020_463647
2020,155,OTT,Eric Engstrand,632,2020_345134
2020,156,DET,Kyle Aucoin,774,2020_418235
2020,157,TB,Nick Capone,759,2020_415193
2020,158,OTT,Philippe Daoust,1045,2020_574526
2020,159,CAR,Lucas Mercuri,584,2020_296187
2020,160,ANA,Albin Sundsvik,630,2020_344692
2020,161,NJ,Benjamin Baumgartner,617,2020_333572
2020,162,DAL,Evgeni Oksentyuk,956,2020_517437
2020,163,STL,Will Cranley,921,2020_503165
2020,164,WPG,Tyrel Bauer,692,2020_391046
2020,165,NYR,Matthew Rempe,865,2020_476674
2020,166,NSH,Luke Reid,647,2020_351751
2020,167,COL,Nils Aman,629,2020_343876
2020,168,TOR,Veeti Miettinen,707,2020_396163
2020,169,EDM,Filip Engaras,544,2020_246498
2020,170,PIT,Chase Yoder,761,2020_415335
2020,171,MTL,Alexander Gordin,953,2020_514678
2020,172,CHI,Chad Yetman,765,2020_416850
2020,173,ARI,Filip Barklund,830,2020_453656
2020,174,CGY,Rory Kerins,929,2020_504297
2020,175,VAN,Dmitri Zlodeyev,999,2020_537763
2020,176,CBJ,Samuel Johannesson,628,2020_342865
2020,177,TOR,Axel Rindell,669,2020_375833
2020,178,PHI,Connor McClennon,524,2020_201920
2020,179,WSH,Garin Bjorklund,747,2020_413156
2020,180,TOR,Joe Miller,510,2020_201857
2020,181,OTT,Cole Reinhardt,551,2020_281691
2020,182,BOS,Riley Duran,1022,2020_552533
2020,183,NYI,Matias Rajaniemi,913,2020_499512
2020,184,VGK,Noah Ellis,680,2020_382759
2020,185,DAL,Remi Poirier,732,2020_410543
2020,186,TB,Amir Miftakhov,667,2020_375630
2020,187,DET,Kienan Draper,486,2020_201763
2020,188,CHI,Louis Crevier,731,2020_410534
2020,189,TOR,John Fusco,1002,2020_541027
2020,190,LA,Aatu Jamsen,1026,2020_557189
2020,191,VAN,Viktor Persson,675,2020_381759
2020,192,ARI,Elliot Ekefjard,933,2020_508310
2020,193,BUF,Albert Lyckasen,635,2020_349388
2020,194,STL,Noah Beck,971,2020_530038
2020,195,TOR,Wyatt Schingoethe,480,2020_201729
2020,196,SJ,Alex Young,643,2020_351179
2020,197,NYR,Hugo Ollas,740,2020_411932
2020,198,FLA,Elliot Ekmark,741,2020_411933
2020,199,CAR,Alexander Pashin,1040,2020_568059
2020,200,EDM,Jeremias Lindewall,877,2020_480558
2020,201,SJ,Adam Raska,590,2020_298159
2020,202,NSH,Gunnarwolfe Fontaine,661,2020_364032
2020,203,DET,Chase Bradley,495,2020_201795
2020,204,ARI,Ben McCartney,644,2020_351230
2020,205,CGY,Ilya Solovyov,891,2020_490245
2020,206,SJ,Linus Oberg,595,2020_313352
2020,207,ANA,Ethan Bowen,869,2020_477352
2020,208,CAR,Ronan Seeley,750,2020_413245
2020,209,NSH,Chase McLane,553,2020_285257
2020,210,SJ,Timofei Spitserov,967,2020_528233
2020,211,WSH,Oskar Magnusson,715,2020_401310
2020,212,FLA,Devon Levi,549,2020_276555
2020,213,TOR,Ryan Tverberg,535,2020_201945
2020,214,NYI,Henrik Tikkanen,704,2020_395515
2020,215,VGK,Maxim Marushev,613,2020_326713
2020,216,BUF,Jakub Konecny,723,2020_404124
2020,217,TB,Declan McDonnell,768,2020_417287
2021,1,BUF,Owen Power,1296,2021_504240
2021,2,SEA,Matthew Beniers,1065,2021_201739
2021,3,ANA,Mason McTavish,1251,2021_479812
2021,4,NJ,Luke Hughes,1363,2021_526979
2021,5,CBJ,Kent Johnson,1342,2021_521697
2021,6,DET,Simon Edvinsson,1117,2021_394730
2021,7,SJ,William Eklund,1114,2021_394719
2021,8,LA,Brandt Clarke,1096,2021_336887
2021,9,ARI,Dylan Guenther,1228,2021_476538
2021,10,OTT,Tyler Boucher,1240,2021_478374
2021,12,CBJ,Cole Sillinger,1072,2021_201844
2021,13,CGY,Matthew Coronato,1176,2021_462501
2021,14,BUF,Isak Rosen,1155,2021_420269
2021,15,DET,Sebastian Cossa,1232,2021_476602
2021,16,NYR,Brennan Othmann,1381,2021_529248
2021,17,STL,Zachary Bolduc,1383,2021_529393
2021,18,WPG,Chaz Lucius,1310,2021_512106
2021,19,NSH,Fyodor Svechkov,1571,2021_693396
2021,20,MIN,Jesper Wallstedt,1115,2021_394724
2021,21,BOS,Fabian Lysell,1200,2021_472769
2021,22,EDM,Xavier Bourgault,1101,2021_341629
2021,23,DAL,Wyatt Johnston,1075,2021_201871
2021,24,FLA,Mackie Samoskevich,1185,2021_470025
2021,25,CBJ,Corson Ceulemans,1223,2021_475841
2021,26,MIN,Carson Lambos,1202,2021_472875
2021,27,NSH,Zachary L'Heureux,1153,2021_419758
2021,28,COL,Oskar Olausson,1169,2021_430916
2021,29,NJ,Chase Stillman,1295,2021_503174
2021,30,VGK,Zach Dean,1278,2021_492218
2021,31,MTL,Logan Mailloux,1498,2021_582695
2021,32,CHI,Nolan Allan,1254,2021_482413
2021,33,BUF,Prokhor Poltapov,1411,2021_539226
2021,34,ANA,Olen Zellweger,1231,2021_476596
2021,35,SEA,Ryker Evans,1104,2021_351173
2021,36,DET,Shai Buium,1325,2021_512185
2021,37,ARI,Josh Doan,1070,2021_201817
2021,38,VGK,Daniil Chayka,1336,2021_514651
2021,39,OTT,Zack Ostapchuk,1225,2021_476029
2021,40,CAR,Scott Morrow,1076,2021_201892
2021,41,VAN,Danila Klimovich,1539,2021_618501
2021,42,LA,Francesco Pinelli,1529,2021_617488
2021,43,ARI,Ilya Fedotov,1579,2021_700155
2021,44,CAR,Aleksi Heimosalmi,1516,2021_601642
2021,45,CGY,William Stromgren,1274,2021_486944
2021,46,PHI,Samu Tuomaala,1288,2021_499422
2021,47,DAL,Logan Stankoven,1444,2021_556512
2021,48,DAL,Artyom Grushnikov,1408,2021_539222
2021,49,OTT,Benjamin Roger,1293,2021_502982
2021,50,WPG,Nikita Chibrikov,1372,2021_527467
2021,51,CAR,Ville Koivunen,1359,2021_525660
2021,52,NYI,Aatu Raty,1182,2021_467384
2021,53,BUF,Alexander Kisakov,1395,2021_537762
2021,54,MIN,Jack Peart,1525,2021_616254
2021,55,WSH,Vincent Iorio,1067,2021_201802
2021,56,FLA,Evan Nause,1301,2021_507089
2021,57,TOR,Matthew Knies,1085,2021_292083
2021,58,PIT,Tristan Broz,1184,2021_470024
2021,59,LA,Samuel Helenius,1441,2021_554237
2021,60,ARI,Janis Moser,1099,2021_338571
2021,61,COL,Sean Behrens,1177,2021_464775
2021,62,CHI,Colton Dach,1141,2021_413126
2021,63,MTL,Riley Kidney,1208,2021_473664
2021,64,MTL,Oliver Kapanen,1555,2021_639018
2021,65,NYR,Jayden Grubbe,1214,2021_475192
2021,66,ANA,Sasha Pastujov,1317,2021_512165
2021,67,SEA,Ryan Winterton,1563,2021_651883
2021,68,NJ,Samu Salminen,1442,2021_554239
2021,69,CBJ,Stanislav Svozil,1167,2021_428002
2021,70,DET,Carter Mazur,1066,2021_201766
2021,71,STL,Simon Robertsson,1204,2021_473175
2021,72,NSH,Anton Olsson,1157,2021_420461
2021,73,DAL,Ayrton Martino,1500,2021_582779
2021,74,OTT,Oliver Johansson,1172,2021_448922
2021,75,NYR,Ryder Korczak,1071,2021_201839
2021,76,ANA,Tyson Hinds,1268,2021_485317
2021,77,CGY,Cole Huckins,1277,2021_492143
2021,78,PHI,Alexei Kolosov,1478,2021_568347
2021,79,DAL,Justin Ertel,1378,2021_529245
2021,80,WSH,Brent Johnson,1331,2021_512370
2021,81,SJ,Benjamin Gaudreau,1216,2021_475275
2021,82,WPG,Dmitri Kuzmin,1540,2021_618502
2021,83,CAR,Patrik Hamrla,1422,2021_542980
2021,84,LA,Kirill Kirsanov,1419,2021_542519
2021,85,BOS,Brett Harrison,1380,2021_529247
2021,86,MIN,Caedan Bankier,1406,2021_538921
2021,87,MTL,Dmitri Kostenko,1477,2021_568044
2021,88,BUF,Stiven Sardarian,1366,2021_527459
2021,89,CGY,Cameron Whynot,1110,2021_390207
2021,90,EDM,Jan-Luca Munzenberger,1132,2021_407643
2021,91,CHI,Taige Harding,1079,2021_201918
2021,92,COL,Andrei Buyalsky,1170,2021_443711
2021,93,NYI,Tristan Lennox,1125,2021_397862
2021,94,CAR,Aidan Hreschuk,1323,2021_512181
2021,95,BUF,Josh Bloom,1537,2021_617949
2021,96,TB,Roman Schmidt,1150,2021_417192
2021,97,BUF,Olivier Nadeau,1259,2021_483754
2021,98,ANA,Josh Lopina,1092,2021_315963
2021,99,SEA,Ville Ottavainen,1390,2021_530727
2021,100,NJ,Jakub Malek,1466,2021_560641
2021,101,CBJ,Guillaume Richard,1428,2021_551201
2021,102,VGK,Jakub Brabenec,1348,2021_522504
2021,103,SJ,Gannon Laroque,1229,2021_476541
2021,104,NYR,Brody Lamb,1548,2021_623805
2021,105,CHI,Ethan Del Mastro,1354,2021_525637
2021,106,NYR,Kalle Vaisanen,1464,2021_559937
2021,107,ARI,Emil Martinsen-Lilleberg,1148,2021_415548
2021,108,CHI,Victor Stjernborg,1190,2021_472146
2021,109,CAR,Jackson Blake,1483,2021_574744
2021,110,PHI,Brian Zanetti,1487,2021_577448
2021,111,DAL,Conner Roulette,1256,2021_483386
2021,112,NYR,Talyn Boyko,1111,2021_391052
2021,113,MTL,William Trudeau,1163,2021_425657
2021,114,DET,Redmond Savage,1321,2021_512173
2021,115,NSH,Ryan Ufko,1309,2021_511993
2021,116,EDM,Jake Chiasson,1236,2021_477353
2021,117,BOS,Philip Svedeback,1180,2021_465963
2021,118,MIN,Kyle Masters,1222,2021_475830
2021,119,WSH,Joaquim Lemay,1550,2021_625760
2021,120,FLA,Vladislav Lukashevich,1572,2021_697964
2021,121,SJ,Ethan Cardwell,1074,2021_201866
2021,122,ARI,Rasmus Korhonen,1285,2021_499175
2021,123,OTT,Carson Latimer,1237,2021_477385
2021,124,NSH,Jack Matier,1226,2021_476043
2021,125,NYI,Cameron Berg,1393,2021_536648
2021,126,TB,Dylan Duke,1316,2021_512163
2021,127,MIN,Josh Pillar,1128,2021_403357
2021,128,VGK,Jakub Demek,1443,2021_556420
2021,129,NJ,Topias Vilen,1456,2021_557184
2021,130,ANA,Sean Tschigerl,1201,2021_472873
2021,131,SEA,Jacob Melanson,1206,2021_473633
2021,132,CBJ,Nikolai Makarov,1569,2021_673300
2021,133,CBJ,James Malatesta,1263,2021_484164
2021,134,DET,Liam Dower-Nilsson,1138,2021_411879
2021,135,SJ,Artyom Guryev,1536,2021_617884
2021,136,CAR,Robert Orr,1264,2021_484167
2021,137,VAN,Aku Koskenvuo,1283,2021_498288
2021,138,DAL,Jack Bar,1294,2021_503032
2021,139,ARI,Manix Landry,1135,2021_410586
2021,140,VAN,Jonathan Myrenberg,1116,2021_394729
2021,141,CGY,Cole Jordan,1081,2021_201953
2021,142,MTL,Daniil Sobolev,1505,2021_588569
2021,143,DAL,Jacob Holmes,1541,2021_618658
2021,144,NYR,Jaroslav Chmelar,1491,2021_579280
2021,145,STL,Tyson Galloway,1445,2021_556515
2021,146,WPG,Dmitri Rashevsky,1112,2021_392566
2021,147,CAR,Justin Robidas,1136,2021_411012
2021,148,ANA,Gage Alexander,1300,2021_505772
2021,149,BOS,Oskar Jellvik,1482,2021_574611
2021,150,MTL,Joshua Roy,1260,2021_483757
2021,151,WSH,Haakon Hanelt,1220,2021_475676
2021,152,FLA,Kirill Gerasimyuk,1547,2021_620104
2021,153,TOR,Ty Voit,1503,2021_586523
2021,154,PIT,Isaac Belliveau,1100,2021_340655
2021,155,DET,Oscar Plandowski,1205,2021_473290
2021,156,SJ,Max McCue,1215,2021_475247
2021,157,NYI,Eetu Liukas,1187,2021_470708
2021,158,PHI,Ty Murchison,1326,2021_512190
2021,159,BUF,Viljami Marjala,1357,2021_525657
2021,160,TB,Cameron MacDonald,1203,2021_473142
2021,161,BUF,William von Barnekow,1156,2021_420445
2021,162,ANA,Kyle Kukkonen,1501,2021_583030
2021,163,SEA,Semyon Vyazovoi,1564,2021_651893
2021,164,NJ,Viktor Hurtig,1137,2021_411757
2021,165,CBJ,Ben Boyd,1209,2021_473673
2021,166,DET,Pasquale Zito,1145,2021_413679
2021,167,SJ,Liam Gilmartin,1175,2021_461969
2021,168,CGY,Jack Beck,1521,2021_614373
2021,169,VAN,Hugo Gabrielsson,1160,2021_423699
2021,170,CAR,Bryce Montgomery,1246,2021_478709
2021,171,ARI,Cal Thomas,1526,2021_616255
2021,172,CHI,Ilya Safonov,1334,2021_512834
2021,173,CGY,Lucas Ciona,1219,2021_475634
2021,174,PHI,Ethan Samson,1460,2021_559018
2021,175,DAL,Francesco Arcuri,1303,2021_508407
2021,176,WSH,Dru Krebs,1281,2021_496418
2021,177,SJ,Theo Jacobsson,1476,2021_567389
2021,178,VAN,Connor Lockhart,1144,2021_413673
2021,179,NSH,Simon Knak,1089,2021_293158
2021,180,EDM,Matvei Petrov,1369,2021_527464
2021,181,BOS,Ryan Mast,1318,2021_512167
2021,182,MIN,Nate Benoit,1340,2021_518275
2021,183,WSH,Chase Clark,1272,2021_485634
2021,184,FLA,Jakub Kos,1349,2021_522505
2021,185,TOR,Vyacheslav Peksa,1551,2021_627386
2021,186,EDM,Shane LaChance,1567,2021_659483
2021,187,CAR,Nikita Quapp,1559,2021_641906
2021,188,BUF,Nikita Novikov,1410,2021_539224
2021,189,NYI,Aleksi Malinen,1449,2021_556743
2021,190,VGK,Artur Cholach,1183,2021_467724
2021,191,MTL,Xavier Simoneau,1106,2021_376443
2021,192,TB,Alex Gagne,1307,2021_510343
2021,193,BUF,Tyson Kozak,1134,2021_408687
2021,194,PIT,Ryan McCleary,1258,2021_483627
2021,195,SEA,Justin Janicke,1502,2021_583032
2021,196,TB,Daniil Pylenkov,1122,2021_395897
2021,197,CBJ,Martin Rysavy,1346,2021_522440
2021,198,STL,Ivan Vorobyov,1488,2021_577710
2021,199,SJ,Evgeni Kashnikov,1386,2021_530466
2021,200,CAR,Yegor Naumov,1433,2021_552038
2021,201,VAN,Lucas Forsell,1438,2021_553744
2021,202,OTT,Chandler Romeo,1520,2021_614372
2021,203,NJ,Zakhar Bardakov,1086,2021_292101
2021,204,CHI,Connor Kelley,1280,2021_495926
2021,205,CGY,Arseni Sergeyev,1508,2021_592505
2021,206,PHI,Owen McLaughlin,1238,2021_478354
2021,207,DAL,Albert Sjoberg,1437,2021_553698
2021,208,NYR,Hank Kempf,1064,2021_201723
2021,209,CAR,Nikita Guslistov,1511,2021_595292
2021,210,FLA,Braden Hache,1524,2021_614397
2021,211,TB,Robert Flinton,1560,2021_648425
2021,212,EDM,Maximus Wanner,1147,2021_414967
2021,213,BOS,Andre Gasseau,1324,2021_512184
2021,214,MTL,Joe Vrbetic,1143,2021_413624
2021,215,PIT,Daniel Laatsch,1073,2021_201855
2021,216,CHI,Jalen Luypen,1233,2021_476673
2021,217,BOS,Ty Gallagher,1319,2021_512168
2021,218,PIT,Kirill Tankov,1087,2021_292126
2021,219,CAR,Joel Nystrom,1113,2021_394715
2021,220,COL,Taylor Makar,1103,2021_351159
2021,221,NYI,Tomas Machu,1198,2021_472442
2021,222,VGK,Carl Lindbom,1481,2021_574609
2021,223,ARI,Sam Lipkin,1239,2021_478367
2021,224,TB,Niko Huuhtanen,1352,2021_525628
2022,1,MTL,Juraj Slafkovsky,1755,2022_527423
2022,2,NJ,Simon Nemec,1956,2022_589605
2022,3,ARI,Logan Cooley,2085,2022_651538
2022,4,SEA,Shane Wright,1748,2022_526239
2022,5,PHI,Cutter Gauthier,1740,2022_526094
2022,6,CBJ,David Jiricek,1845,2022_559522
2022,7,CHI,Kevin Korchinski,1711,2022_516605
2022,8,DET,Marco Kasper,1848,2022_560848
2022,9,BUF,Matthew Savoie,1643,2022_476028
2022,10,ANA,Pavel Mintyukov,1762,2022_527453
2022,11,ARI,Conor Geekie,1898,2022_571034
2022,12,CBJ,Denton Mateychuk,1897,2022_570931
2022,13,CHI,Frank Nazar,1922,2022_574819
2022,14,WPG,Rutger McGroarty,1741,2022_526095
2022,15,VAN,Jonathan Lekkerimaki,2081,2022_649220
2022,16,BUF,Noah Ostlund,1788,2022_535699
2022,17,NSH,Joakim Kemell,1730,2022_526043
2022,18,DAL,Lian Bichsel,2104,2022_665087
2022,19,MIN,Liam Ohgren,1787,2022_535698
2022,20,WSH,Ivan Miroshnichenko,1749,2022_526255
2022,21,PIT,Owen Pickering,1943,2022_580641
2022,22,ANA,Nathan Gaucher,1590,2022_340644
2022,23,STL,Jimmy Snuggerud,2022,2022_623832
2022,24,MIN,Danila Yurov,2111,2022_672619
2022,25,CHI,Sam Rinzel,2106,2022_670126
2022,26,MTL,Filip Mesar,1758,2022_527430
2022,27,SJ,Filip Bystedt,1934,2022_578760
2022,28,BUF,Jiri Kulich,1940,2022_579198
2022,29,ARI,Maveric Lamoureux,1937,2022_578989
2022,30,WPG,Brad Lambert,1606,2022_414961
2022,31,TB,Isaac Howard,1977,2022_603668
2022,32,EDM,Reid Schaefer,1695,2022_506838
2022,33,MTL,Owen Beck,2076,2022_647942
2022,34,SJ,Cameron Lund,1972,2022_603638
2022,35,SEA,Jagger Firkus,1874,2022_565465
2022,36,ARI,Artyom Duda,2010,2022_620321
2022,37,WSH,Ryan Chesley,1836,2022_556717
2022,38,TOR,Fraser Minten,1772,2022_529809
2022,39,CHI,Paul Ludwinski,1981,2022_603788
2022,40,DET,Dylan James,1693,2022_506333
2022,41,BUF,Topias Leinonen,2009,2022_620270
2022,42,ANA,Noah Warren,1917,2022_574586
2022,43,ARI,Julian Lutz,1964,2022_601111
2022,44,CBJ,Luca Del Bel Belluz,1727,2022_525669
2022,45,SJ,Mattias Havelid,1930,2022_577575
2022,46,NJ,Seamus Casey,1745,2022_526229
2022,47,MIN,Hunter Haight,1970,2022_603614
2022,48,VGK,Matyas Sapovaliv,1843,2022_559506
2022,49,SEA,Jani Nyman,1990,2022_611825
2022,50,DAL,Christian Kyrou,1948,2022_582653
2022,51,LA,Jack Hughes,1996,2022_617526
2022,52,DET,Dmitri Buchelnikov,2131,2022_698717
2022,53,ANA,Tristan Luneau,1677,2022_491564
2022,54,BOS,Matthew Poitras,2102,2022_661581
2022,55,WPG,Elias Salomonsson,1926,2022_574931
2022,56,MIN,Rieger Lorenz,1790,2022_535718
2022,57,CHI,Ryan Greene,1681,2022_492228
2022,58,SEA,Niklas Kokko,1796,2022_535844
2022,59,CGY,Topi Ronni,2050,2022_638690
2022,60,CAR,Gleb Trikozov,2122,2022_690807
2022,61,SEA,David Goyette,1857,2022_562220
2022,62,MTL,Lane Hutson,1744,2022_526227
2022,63,NYR,Adam Sykora,1756,2022_527426
2022,64,OTT,Filip Nordberg,2065,2022_643091
2022,65,NYI,Calle Odelius,1985,2022_607525
2022,66,CHI,Gavin Hayes,2039,2022_635399
2022,67,ARI,Miko Matikka,2029,2022_628519
2022,68,SEA,Ty Nelson,1982,2022_603794
2022,69,PHI,Devin Kaplan,1735,2022_526063
2022,70,WSH,Alexander Suzdalev,1789,2022_535701
2022,71,CAR,Alexander Perevalov,1807,2022_538042
2022,72,OTT,Oskar Pettersson,1862,2022_562987
2022,73,STL,Aleksanteri Kaskimaki,2059,2022_640621
2022,74,BUF,Viktor Neuchev,1999,2022_618304
2022,75,MTL,Vinzenz Rohrer,1600,2022_406803
2022,76,SJ,Michael Fisher,2092,2022_655167
2022,77,WPG,Danny Zhilkin,2001,2022_619189
2022,78,NYI,Quinn Finley,2034,2022_630047
2022,79,VGK,Jordan Gustafson,1698,2022_511853
2022,80,VAN,Elias Pettersson,2063,2022_641020
2022,81,CHI,Samuel Savoie,1913,2022_573943
2022,82,NSH,Adam Ingram,1662,2022_483377
2022,83,DAL,George Fegaras,2026,2022_626551
2022,84,NSH,Kasper Kulonummi,1963,2022_601094
2022,85,WSH,Ludwig Persson,1617,2022_423614
2022,86,TB,Lucas Edmonds,1612,2022_418530
2022,87,OTT,Tomas Hamara,1846,2022_559537
2022,88,STL,Michael Buchinger,1732,2022_526053
2022,89,MIN,Mikey Milne,1646,2022_477344
2022,90,CHI,Aidan Thompson,1802,2022_536536
2022,91,SEA,Ben MacDonald,2129,2022_694398
2022,92,MTL,Adam Engstrom,1678,2022_491616
2022,93,FLA,Marek Alscher,1803,2022_537884
2022,94,ARI,Jeremy Langlois,1671,2022_485737
2022,95,TOR,Nicholas Moldenhauer,1800,2022_535872
2022,96,CBJ,Jordan Dumais,1885,2022_568363
2022,97,NYR,Bryce McConnell-Barker,2061,2022_640853
2022,98,NYI,Isaiah George,1739,2022_526091
2022,99,WPG,Garrett Brown,1906,2022_571957
2022,100,SEA,Tyson Jugnauth,2083,2022_650072
2022,101,CAR,Simon Forsmark,1613,2022_420272
2022,102,NJ,Tyler Brennan,1665,2022_483427
2022,103,LA,Kenny Connors,1649,2022_478379
2022,104,OTT,Stephen Halliday,1626,2022_462499
2022,105,DET,Anton Johansson,2145,2022_701870
2022,106,BUF,Mats Lindgren,2038,2022_635389
2022,107,ANA,Benjamin King,1583,2022_201803
2022,108,SJ,Mason Beaupit,1878,2022_565973
2022,109,CBJ,Kirill Dolzhenkov,2013,2022_620329
2022,110,NJ,Daniil Orlov,2105,2022_665898
2022,111,NYR,Noah Laba,1704,2022_512166
2022,112,VAN,Daimon Gardner,1907,2022_572098
2022,113,DET,Amadeus Lombardi,2056,2022_640282
2022,114,NSH,Cole O'Hara,1587,2022_201938
2022,115,DAL,Gavin White,1605,2022_413836
2022,116,LA,Angus Booth,1932,2022_578244
2022,117,BOS,Cole Spicer,2023,2022_623833
2022,118,PIT,Sergei Murashov,2150,2022_707283
2022,119,BOS,Dans Locmelis,2046,2022_638391
2022,120,STL,Arseni Koromyslov,1761,2022_527452
2022,121,MIN,Ryan Healey,2094,2022_655345
2022,122,TOR,Dennis Hildeby,1599,2022_402949
2022,123,SEA,Tucker Robertson,2002,2022_619190
2022,124,CAR,Cruz Lucius,1700,2022_512107
2022,125,FLA,Ludvig Jansson,1957,2022_590628
2022,126,NJ,Charlie Leddy,1743,2022_526226
2022,127,MTL,Cedrick Guindon,1791,2022_535814
2022,128,VGK,Cameron Whitehead,1651,2022_479783
2022,129,DET,Maximilian Kilpinen,1785,2022_535690
2022,130,MTL,Jared Davidson,1642,2022_475625
2022,131,ARI,Matthew Morden,1961,2022_599271
2022,132,BOS,Frederic Brunet,1684,2022_502761
2022,133,PHI,Alex Bump,2018,2022_623782
2022,134,BUF,Vsevolod Komarov,2155,2022_709023
2022,135,TOR,Nikita Grebyonkin,2090,2022_652832
2022,136,OTT,Jorian Donovan,1859,2022_562241
2022,137,DET,Tnias Mathurin,2027,2022_626552
2022,138,CBJ,Sergei Ivanov,1819,2022_543192
2022,139,ANA,Connor Hvidston,1890,2022_569232
2022,140,SJ,Jake Furlong,1870,2022_563446
2022,141,NJ,Petr Hauser,1766,2022_527493
2022,142,NYI,Matthew Maggio,1689,2022_505365
2022,143,OTT,Cameron O'Neill,1989,2022_609494
2022,144,VAN,Ty Young,1951,2022_584833
2022,145,VGK,Patrick Guay,1601,2022_410551
2022,146,NSH,Graham Sward,1647,2022_477345
2022,147,DAL,Maxim Mayorov,2152,2022_707885
2022,148,LA,Otto Salin,2052,2022_638727
2022,149,WSH,Jake Karabela,2079,2022_648869
2022,150,PIT,Zam Plante,2042,2022_637043
2022,151,OTT,Kevin Reidler,2146,2022_702280
2022,152,STL,Marc-Andre Gaudet,1911,2022_573863
2022,153,MIN,David Spacek,1847,2022_559551
2022,154,ANA,Michael Callow,1976,2022_603644
2022,155,CGY,Parker Bell,1809,2022_539062
2022,156,CAR,Vladimir Grudinin,2087,2022_651884
2022,157,FLA,Sandis Vilmanis,2048,2022_638444
2022,158,EDM,Samuel Jonsson,1887,2022_568715
2022,159,NYR,Victor Mancini,1588,2022_290051
2022,160,TB,Nick Malik,1594,2022_388222
2022,161,NYR,Maxim Barbashev,2138,2022_699160
2022,162,MTL,Emmett Croteau,1694,2022_506692
2022,163,ARI,Maksymilian Szuber,1595,2022_393666
2022,164,SEA,Barrett Hall,2020,2022_623814
2022,165,PHI,Hunter McDonald,1696,2022_508274
2022,166,NJ,Josh Filmon,1908,2022_572099
2022,167,PIT,Nolan Collins,2103,2022_661584
2022,168,OTT,Theo Wallberg,1955,2022_588623
2022,169,LA,Jared Wright,1995,2022_616241
2022,170,BUF,Jake Richard,2109,2022_670882
2022,171,CAR,Jakub Vondras,2058,2022_640598
2022,172,SJ,Joey Muldowney,2114,2022_674032
2022,173,CHI,Dominic James,1611,2022_418282
2022,174,NYI,Daylan Kuefler,1603,2022_413108
2022,175,WPG,Fabian Wagner,1622,2022_448938
2022,176,VAN,Jackson Dorrington,1973,2022_603639
2022,177,VGK,Ben Hemmerling,1838,2022_558211
2022,178,ANA,Vyacheslav Buteyets,1893,2022_569854
2022,179,DAL,Matthew Seminoff,1808,2022_538928
2022,180,LA,Jack Sparkes,2088,2022_651974
2022,181,WSH,Ryan Hofer,1607,2022_416983
2022,182,PIT,Luke Devlin,1798,2022_535869
2022,183,BOS,Reid Dyck,1900,2022_571073
2022,184,STL,Landon Sim,1866,2022_563410
2022,185,MIN,Servac Petrovsky,1757,2022_527429
2022,186,FLA,Josh Davies,1782,2022_532703
2022,187,BUF,Gustav Karlsson,1820,2022_543274
2022,188,CHI,Nils Juntorp,1598,2022_399861
2022,189,FLA,Tyler Muszelik,1965,2022_601313
2022,190,EDM,Nikita Yevseyev,2143,2022_699960
2022,191,NYR,Zakary Karpa,1630,2022_470026
2022,192,TB,Connor Kurth,1701,2022_512110
2022,193,COL,Christopher Romaine,1974,2022_603640
2022,194,MTL,Petteri Nurmi,1837,2022_556753
2022,195,SJ,Eli Barnett,1680,2022_492134
2022,196,SEA,Kyle Jackson,1604,2022_413825
2022,197,PHI,Santeri Sulku,1795,2022_535841
2022,198,NJ,Artyom Barabosha,2011,2022_620324
2022,199,CHI,Riku Tohila,1645,2022_476211
2022,200,BOS,Jackson Edward,2112,2022_672923
2022,201,DET,Owen Mehlenbacher,2025,2022_626544
2022,202,BUF,Joel Ratkovic-Berndtsson,1873,2022_564455
2022,203,CBJ,James Fisher,2066,2022_644351
2022,204,ARI,Adam Zlnka,1754,2022_527422
2022,205,CAR,Alexander Pelevin,2151,2022_707284
2022,206,OTT,Tyson Dyck,2037,2022_635386
2022,207,WPG,Domenic DiVincentiis,1980,2022_603777
2022,208,VAN,Kirill Kudryavtsev,2140,2022_699365
2022,209,VGK,Abram Wiebe,1939,2022_579149
2022,210,NSH,Ben Strinden,2033,2022_630036
2022,211,BUF,Linus Sjodin,1631,2022_471614
2022,212,DET,Brennan Ali,1925,2022_574842
2022,213,WSH,David Gucciardi,1686,2022_504264
2022,214,FLA,Liam Arnsby,1768,2022_529236
2022,215,LA,Kaleb Lawrence,1608,2022_417191
2022,216,MTL,Miguel Tourigny,1584,2022_201910
2022,217,SJ,Reese Laubach,1657,2022_481354
2022,218,TOR,Brandon Lisowsky,1828,2022_551574
2022,219,CGY,Cade Littler,2035,2022_634828
2022,220,PHI,Alexis Gendron,1668,2022_485293
2022,221,FLA,Jack Devine,1628,2022_464780
2022,222,EDM,Joel Maatta,1777,2022_530728
2022,223,TB,Dyllan Gill,1912,2022_573869
2022,224,TB,Klavs Veinbergs,1825,2022_550199
2022,225,COL,Ivan Zhigalov,1764,2022_527470
